Problem Size,Direct Sum,Vector Sum,Indirect Sum
8388608,0.00120,0.00357,0.02159
16777216,0.00240,0.00595,0.03618
33554432,0.00478,0.01265,0.15424
67108864,0.00956,0.02325,0.89918
134217728,0.01913,0.04346,0.84035
268435456,0.03824,0.08539,4.21193
